Date;XBTUSD BGNL Curncy  (R1);XDHUSD Curncy  (L2);XEOUSD Curncy  (R2);XETUSD Curncy  (R3);XLCUSD Curncy  (L2);XMR Curncy  (L2);XRPUSD Curncy  (L1);XZCUSD Curncy  (L2)
02-03-21;48612.83;221.567;3.7079;1552.199;179.403;222.5;0.4388;122.42
01-03-21;48609.28;208.535;3.6233;1521.88;171.108;220.255;0.4346;119.079
28-02-21;43174.04;;;;;;;
27-02-21;47088.36;;;;;;;
26-02-21;47681.9;205.672;3.5428;1429.92;167.558;199.685;0.4235;115.6
25-02-21;49533.94;232.043;3.9397;1591.973;192.535;205.375;0.4638;133.643
24-02-21;50080.86;245.018;3.9541;1661.91;183.88;214.51;0.4734;134.008
23-02-21;47151.88;220.818;3.7461;1519.293;168.35;195.506;0.4736;120.635
22-02-21;52071.24;256.409;4.4995;1679.265;196.178;213.64;0.5784;137.403
21-02-21;57538.44;;;;;;;
20-02-21;57065.83;;;;;;;
19-02-21;54773.74;329.267;5.1368;1958.468;238.088;277.418;0.5604;179.02
18-02-21;51834.72;286.78;4.8182;1916.87;224.795;256.225;0.5305;170.358
17-02-21;51381.38;253.981;4.7889;1819.003;227.415;250.606;0.548;164.5
16-02-21;48276.43;253.316;4.5188;1753.588;206.723;215.62;0.5184;155.21
15-02-21;48560.2;264.704;5.0074;1818.195;217.073;228.29;0.581;170.692
14-02-21;48669.36;;;;;;;
13-02-21;46895.79;;;;;;;
12-02-21;47790.45;165.586;4.8114;1851.314;195.078;204.521;0.587;143.776
11-02-21;47411.99;160.697;4.4216;1783.968;186.143;188.926;0.5215;147.48
10-02-21;45046.08;136.384;3.9833;1740.903;179.815;170.322;0.4976;114.955
09-02-21;46548.08;130.326;3.8838;1742.203;174.293;169.775;0.4693;106.975
08-02-21;43148.86;123.533;3.514;1708.898;162.415;156.4;0.4495;95.936
07-02-21;37912.99;;;;;;;
06-02-21;40258.45;;;;;;;
05-02-21;37924.63;119.064;3.252;1720.615;152.988;153.134;0.4446;94.313
04-02-21;36927.11;112.028;3.0573;1633.2;145.713;151.13;0.4393;90.365
03-02-21;37234.11;114.302;3.1107;1641.149;155.973;154.225;0.3954;95.68
02-02-21;34873.7;107.08;2.9755;1473.415;143.345;146.608;0.3773;92.18
01-02-21;34003.24;103.158;2.9806;1318.932;130.483;141.597;0.4026;86.293
31-01-21;32324.35;;;;;;;
30-01-21;34262.74;;;;;;;
29-01-21;35725.47;104.356;2.7362;1372.678;136.155;140.05;0.2898;85.773
28-01-21;32338.24;103.832;2.6941;1337.473;130.228;136.01;0.2593;87.312
27-01-21;30558.04;97.275;2.5155;1258.548;123.173;129.179;0.2516;79.568
26-01-21;32222.69;104.231;2.6152;1330.905;135.14;138.669;0.2665;86.437
25-01-21;33770.98;109.268;2.6974;1398.993;142.548;142.546;0.2741;91.373
24-01-21;31899.97;;;;;;;
23-01-21;32264.88;;;;;;;
22-01-21;32364.75;106.768;2.627;1244.934;138.103;138.466;0.2738;87.637
21-01-21;31894.08;105.273;2.6072;1194.308;133.768;137.515;0.275;87.806
20-01-21;34857.97;118.863;2.7406;1312.04;146.515;151.32;0.2898;96.255
19-01-21;37185.97;131.465;2.8907;1416.753;160.52;160.37;0.3051;110.455
18-01-21;35703.11;128.422;2.7576;1219.405;147.285;153.09;0.2791;102.812
17-01-21;35803.39;;;;;;;
16-01-21;36904.82;;;;;;;
15-01-21;35959.13;123.819;2.7457;1159.71;141.005;156.168;0.28;103.745
14-01-21;39392.06;134.021;2.799;1218.455;153.19;166.617;0.2962;112.684
13-01-21;34796.98;132.084;2.7217;1073.455;138.96;165.133;0.3002;113.003
12-01-21;34989.11;126.24;2.6669;1116.873;138.813;163.061;0.2987;98.685
11-01-21;32810;116.395;2.5662;996.335;127.298;150.805;0.2776;84.678
10-01-21;38625.75;;;;;;;
09-01-21;40511.13;;;;;;;
08-01-21;41044.17;95.282;3.0365;1191.835;169.73;139.32;0.3073;67.887
07-01-21;39777.59;105.055;3.3641;1272.03;177.685;147.065;0.3488;71.851
06-01-21;35013.2;94.089;3.4467;1195.518;167.245;139.5;0.2464;64.398
05-01-21;32805.02;89.173;2.9346;1083.563;156.148;134.17;0.229;59.692
04-01-21;31015.94;88.197;2.7378;998.956;149.625;132.13;0.2304;57.886
03-01-21;32912.88;;;;;;;
02-01-21;32931.74;;;;;;;
01-01-21;29153.46;88.239;2.6241;729.91;125.613;133.235;0.2383;56.118
31-12-20;28587.61;99.404;2.5674;737.422;123.943;157.295;0.2183;62.484
30-12-20;28247.68;100.571;2.5807;736.355;125.773;160.063;0.2199;64.091
29-12-20;26601.78;102.011;2.6197;720.055;124.025;159.696;0.2316;63.24
28-12-20;27114.88;108.564;2.8503;738.553;132.405;165.065;0.2885;69.063
27-12-20;26758.07;;;;;;;
26-12-20;25766.73;;;;;;;
25-12-20;24184.8;100.796;2.6025;618.761;121.373;157.646;0.321;63.134
24-12-20;23377.64;94.459;2.5877;594.335;107.87;149.905;0.2627;60.53
23-12-20;23595;97.725;2.6376;610;106.105;164.737;0.3189;62.877
22-12-20;23338.41;104.975;2.8918;627.428;109.965;154.528;0.4701;67.804
21-12-20;22719.46;103.703;2.9421;604.68;104.298;147.021;0.5183;68.195
20-12-20;23733.44;;;;;;;
19-12-20;23927.27;;;;;;;
18-12-20;22763.75;107.436;3.0518;651.025;107.635;156.315;0.5765;73.779
17-12-20;23052.75;109.393;3.0683;650.593;101.315;157.915;0.6033;75.516
16-12-20;20665.4;102.346;3.0223;621.701;89.07;155.48;0.5142;71.203
15-12-20;19408.88;96.829;2.8782;586.23;81.489;152.075;0.4778;68.201
14-12-20;19134.95;95.271;2.8156;581.048;80.594;155.111;0.4921;67.177
13-12-20;19268.89;;;;;;;
12-12-20;18490.21;;;;;;;
11-12-20;17993.94;94.568;2.7286;549.488;73.011;138.984;0.5764;64.319
10-12-20;18207.94;92.514;2.7461;558.69;74.436;132.375;0.5746;66.708
09-12-20;18301.59;93.722;2.784;569.323;75.949;131.425;0.5528;69.467
08-12-20;18927.45;97.003;2.8701;576.843;79.874;138.149;0.5909;72.387
07-12-20;19172;102.911;2.956;592.955;83.686;138.552;0.6082;75.973
06-12-20;19143.23;;;;;;;
05-12-20;19132.25;;;;;;;
04-12-20;18979.31;100.917;2.9473;580.925;81.586;130.061;0.5577;71.247
03-12-20;19313.54;106.35;3.0837;613.065;88.563;129.015;0.6286;75.907
02-12-20;18990.67;107.635;3.0252;589.573;86.267;126.32;0.6134;75.122
01-12-20;19059.99;109.004;3.0725;596.707;89.204;127.48;0.6296;76.982
30-11-20;19390.09;113.03;3.2325;605.548;86.124;127.09;0.6477;77.578
29-11-20;18107.74;;;;;;;
28-11-20;17765.63;;;;;;;
27-11-20;16737.3;92.141;2.8407;515.805;68.87;116.08;0.5523;69.194
26-11-20;16716;86.242;2.8044;495.895;67.255;113.375;0.4887;65.823
25-11-20;19067.27;110.804;3.7072;590.145;86.97;135.265;0.6847;82.673
24-11-20;19204.91;117.713;3.5353;606.673;90.014;135.262;0.6708;89.4
23-11-20;18357.63;92.113;3.2714;597.313;87.615;125.475;0.5452;75.875
22-11-20;18494.7;;;;;;;
21-11-20;18774.24;;;;;;;
20-11-20;18707.32;83.415;2.7856;509.133;83.728;121.42;0.3254;62.885
19-11-20;17977.88;83.158;2.6652;474.985;80.869;121.288;0.3003;62.796
18-11-20;17906.19;79.291;2.5966;475.698;73.988;122.6;0.2905;62.985
17-11-20;17826.47;81.626;2.7003;480.445;73.83;122.985;0.301;65.487
16-11-20;16692.79;82.076;2.5877;462.63;71.59;119.305;0.2878;65.716
15-11-20;15901.63;;;;;;;
14-11-20;15922.16;;;;;;;
13-11-20;16272.3;77.254;2.6005;472.223;65.65;113.5;0.2641;65.35
12-11-20;15967.31;76.084;2.4414;454.048;58.395;110.826;0.2531;60.995
11-11-20;15892.92;70.498;2.5273;469.871;59.827;116.735;0.2594;60.272
10-11-20;15323.29;68.904;2.4992;447.235;58.149;115.585;0.2546;60.955
09-11-20;15243.62;67.606;2.5037;445.39;58.998;118.11;0.25;58.487
08-11-20;15586.98;;;;;;;
07-11-20;15238.53;;;;;;;
06-11-20;15489.72;69.427;2.5171;446.473;61.331;119.08;0.2553;60.215
05-11-20;15053;67.31;2.4363;411.075;58.414;118.855;0.2446;55.994
04-11-20;14083.39;64.686;2.3527;400.52;54.291;117.125;0.2368;53.922
03-11-20;13746.88;63.586;2.3385;382.1;52.971;118.155;0.2374;52.248
02-11-20;13520.67;65.072;2.4289;385.56;54.038;121.135;0.2352;55.291
01-11-20;13807.02;;;;;;;
31-10-20;13791.25;;;;;;;
30-10-20;13541.39;70.876;2.509;384.338;54.121;123.71;0.2386;59.525
29-10-20;13593.79;67.567;2.6459;391.795;55.433;127.56;0.2451;56.463
28-10-20;13194.09;68.272;2.6639;384.844;55.63;127.475;0.2459;57.75
27-10-20;13696.74;71.048;2.6701;408.41;58.238;134.945;0.2531;61.247
26-10-20;12887.07;69.071;2.6178;386.405;55.827;129.95;0.2458;59.248
25-10-20;13019.68;;;;;;;
24-10-20;13093.88;;;;;;;
23-10-20;12796.15;72.581;2.642;409.389;55.775;126.533;0.2543;62.682
22-10-20;13066.53;76.646;2.6966;416.965;55.176;127.551;0.2628;66.246
21-10-20;12846.65;75.89;2.6349;396.815;52.59;125.367;0.2538;63.892
20-10-20;11978.5;72.733;2.54;371.4;47.329;121.06;0.2436;61.994
19-10-20;11772.38;71.017;2.596;382.585;48.375;128.37;0.249;64.489
18-10-20;11469.37;;;;;;;
17-10-20;11332.22;;;;;;;
16-10-20;11351.65;65.966;2.5327;366.808;47.348;120.405;0.2397;62.336
15-10-20;11388.93;68.721;2.5862;375.355;49.375;127.07;0.2453;66.757
14-10-20;11349.46;69.605;2.6006;376.132;49.774;126.62;0.2481;68.811
13-10-20;11401.47;71.188;2.6344;380.11;49.91;127.88;0.2561;70.463
12-10-20;11557.74;73.022;2.6717;386.888;51.151;133.465;0.2576;74.637
11-10-20;11396.7;;;;;;;
10-10-20;11340.25;;;;;;;
09-10-20;11058.14;67.224;2.6321;364.01;47.628;116.945;0.251;63.405
08-10-20;10932.25;66.703;2.6212;351.04;47.225;111.995;0.2499;62.594
07-10-20;10630.72;65.677;2.6357;338.645;46.178;110.548;0.2481;61.042
06-10-20;10726.31;67.047;2.8759;349.848;47.47;110.79;0.2527;63.239
05-10-20;10749.61;66.524;2.5254;354.15;46.482;107.345;0.2515;64.804
04-10-20;10605.39;;;;;;;
03-10-20;10585.34;;;;;;;
02-10-20;10551.3;65.969;2.4705;346.74;44.985;100.99;0.2331;63.889
01-10-20;10512.54;68.082;2.5095;349.85;45.755;103.865;0.2356;64.894
30-09-20;10788.18;68.06;2.5825;357.915;46.359;101.153;0.2419;61.58
29-09-20;10693.27;67.09;2.5812;354.57;45.258;95.735;0.2403;58.585
28-09-20;10895.18;69.501;2.6199;364.598;46.57;96.786;0.2463;57.238
27-09-20;10724.61;;;;;;;
26-09-20;10753.36;;;;;;;
25-09-20;10658.21;68.967;2.5454;354.94;46.119;93.664;0.2424;55.5
24-09-20;10673.83;68.217;2.5229;346.603;44.981;91.955;0.231;54.555
23-09-20;10484.57;67.488;2.5504;339.78;44.528;90.043;0.2318;52.928
22-09-20;10453.8;68.301;2.5499;340.968;44.027;90.201;0.2311;53.35
21-09-20;10380.85;65.699;2.5172;339.125;43.035;86.394;0.2299;52.995
20-09-20;10855.61;;;;;;;
19-09-20;11061.91;;;;;;;
18-09-20;10886.27;71.7;2.6811;380.34;48.055;92.311;0.2489;57.579
17-09-20;10846.8;72.503;2.7224;381.24;48.355;92.065;0.2502;58.502
16-09-20;11080.69;73.63;2.7119;370.353;48.555;90.361;0.245;58.492
15-09-20;10785.99;74.284;2.7276;368.073;49.192;90.075;0.2451;61.445
14-09-20;10735.38;76.297;2.7634;381.19;49.315;90.24;0.2481;63.725
13-09-20;10266.25;;;;;;;
12-09-20;10375.49;;;;;;;
11-09-20;10308.29;76.267;2.7784;368.645;48.955;83.866;0.2429;62.516
10-09-20;10338.43;76.434;2.7705;366.853;48.505;84.844;0.245;61.006
09-09-20;10246.63;76.885;2.7929;352.213;48.46;84.16;0.2404;60.738
08-09-20;10154.97;73.702;2.7651;344.125;47.955;81.305;0.2384;59.415
07-09-20;10200.53;68.83;2.8075;348.57;48.005;79.536;0.2379;59.38
06-09-20;10244.57;;;;;;;
05-09-20;10248.63;;;;;;;
04-09-20;10452.55;73.431;3.0411;391.85;51.22;83.195;0.2568;60.609
03-09-20;10573.26;74.973;2.8355;392.325;52.506;82.29;0.2577;64.489
02-09-20;11313.77;82.224;3.0455;428.005;57.915;88.831;0.2707;75.4
01-09-20;12014.33;89.171;3.4013;478.845;63.86;96.965;0.2943;82.403
31-08-20;11722.99;87.286;3.2512;433.395;61.52;95.08;0.2824;78.659
30-08-20;11666.41;;;;;;;
29-08-20;11515;;;;;;;
28-08-20;11521.72;84.727;3.1113;394.4;56.98;94.13;0.2712;75.47
27-08-20;11275.23;83.256;2.9208;378.187;55.3;87.285;0.2603;71.914
26-08-20;11473.02;86.76;3.1381;389.063;58.454;89.261;0.2783;74.905
25-08-20;11335.32;84.727;3.0301;375.035;57.525;87.544;0.2739;72.943
24-08-20;11762.41;91.906;3.3882;404.813;62.915;93.346;0.2884;79.676
23-08-20;11642.17;;;;;;;
22-08-20;11589.09;;;;;;;
21-08-20;11674.25;88.916;3.3317;395.265;60.155;94.62;0.2819;75.128
20-08-20;11857.75;90.581;3.4098;416.755;63.085;97.94;0.2928;78.709
19-08-20;11755.21;90.634;3.3735;407.903;61.086;92.512;0.2905;78.507
18-08-20;12000.05;94.031;3.6546;424.015;66.985;92.618;0.3052;84.443
17-08-20;12385.32;98.844;3.8664;440.5;66.33;93.605;0.3218;88.4
16-08-20;11868.27;;;;;;;
15-08-20;11862.6;;;;;;;
14-08-20;11825.38;92.029;3.2438;439.075;56.955;90.625;0.3045;84.744
13-08-20;11533.93;89.283;3.0419;392.618;54.255;89.107;0.281;80.729
12-08-20;11552.54;91.116;3.0193;382.9;54.55;89.034;0.2815;82.968
11-08-20;11433.61;89.289;3.057;384.748;55.386;87.864;0.2907;83.115
10-08-20;11887.95;96.246;3.2477;394.632;58.561;92.82;0.2949;90.81
09-08-20;11589.93;;;;;;;
08-08-20;11697.15;;;;;;;
07-08-20;11603.33;96.569;2.9847;377.89;57.297;93.669;0.2927;92.781
06-08-20;11838.21;104.257;3.1343;398.315;60.17;94.36;0.3071;101.385
05-08-20;11647.12;88.671;3.0643;396.918;58.87;87.99;0.3034;91.986
04-08-20;11168.76;85.988;3.0259;386.848;57.345;86.458;0.2987;81.952
03-08-20;11354.68;88.188;3.0325;390.66;58.76;87.75;0.3104;83.793
02-08-20;11209.96;;;;;;;
01-08-20;11656.33;;;;;;;
31-07-20;11362.89;82.953;3.1043;345.61;58.38;83.698;0.2544;74.165
30-07-20;11025.15;80.823;3.0175;322.515;56.99;81.547;0.2425;70.388
29-07-20;11278.23;82.52;3.0644;322.637;55.788;81.643;0.2389;72.75
28-07-20;10975.45;79.928;3.0146;316.563;56.485;81.139;0.2262;72.022
27-07-20;10730.48;75.674;2.7371;315.893;48.635;76.142;0.2155;70.928
26-07-20;9905.54;;;;;;;
25-07-20;9630.16;;;;;;;
24-07-20;9589.22;72.372;2.6213;286.14;44.525;72.37;0.2053;64.288
23-07-20;9637.09;73.355;2.6892;280.37;45.54;72.819;0.2099;64.188
22-07-20;9340.7;71.706;2.596;243.68;43.608;70.029;0.1987;61.414
21-07-20;9363.33;70.978;2.63;244.343;43.7;70.954;0.1995;61.761
20-07-20;9178.36;69.797;2.6007;238.298;42.333;69.82;0.1976;58.098
19-07-20;9153.67;;;;;;;
18-07-20;9168.03;;;;;;;
17-07-20;9149.87;69.483;2.4921;232.675;41.892;67.498;0.1938;59.178
16-07-20;9115.4;68.992;2.4654;232.84;41.845;68.119;0.1918;58.962
15-07-20;9204.55;71.32;2.5262;238.318;43.18;71.095;0.1976;61.595
14-07-20;9226.18;71.944;2.5544;240.263;43.777;67.906;0.1983;61.038
13-07-20;9302.91;73.995;2.6291;243.38;44.88;69.235;0.2033;62.241
12-07-20;9217.16;;;;;;;
11-07-20;9215.43;;;;;;;
10-07-20;9221.73;71.475;2.6076;239.55;44.142;67.568;0.1982;55.744
09-07-20;9221.52;71.048;2.6198;240.49;44.05;65.935;0.1998;55.955
08-07-20;9415.25;72.693;2.6726;245.705;45.285;66.199;0.202;58.292
07-07-20;9264.01;70.267;2.5547;238.84;43.51;64.855;0.1857;55.194
06-07-20;9316.13;69.593;2.583;239.36;43.74;64.286;0.1874;55.275
05-07-20;9035.7;;;;;;;
04-07-20;9074.75;;;;;;;
03-07-20;9093.62;66.847;2.4343;226.868;41.375;63.089;0.1773;51.56
02-07-20;9038.2;66.479;2.3352;225.818;40.81;63.247;0.174;51.049
01-07-20;9287.78;68.761;2.3961;231.64;41.935;64.397;0.1777;52.366
30-06-20;9173.54;68.474;2.3696;226.1;41.28;64.116;0.1763;52.405
29-06-20;9113.47;67.486;2.3512;224.143;41.469;63.71;0.1771;52.236
28-06-20;9149.04;;;;;;;
27-06-20;9092.79;;;;;;;
26-06-20;9143.63;71.013;2.4847;230.12;43.265;64.336;0.1833;55.555
25-06-20;9286.51;71.602;2.4951;234.048;42.685;64.748;0.1826;56.559
24-06-20;9299.25;71.962;2.4889;233.793;42.58;64.62;0.1829;55.345
23-06-20;9662.23;74.409;2.5773;243.69;44.215;66.963;0.189;58.513
22-06-20;9591.21;72.4;2.5872;244.138;44.275;65.802;0.1891;53.117
21-06-20;9358.23;;;;;;;
20-06-20;9261.34;;;;;;;
19-06-20;9334.25;70.389;2.528;229.498;43.14;64.262;0.1879;51.46
18-06-20;9396.26;71.61;2.5464;231.763;43.555;65.513;0.1895;52.16
17-06-20;9361.72;71.913;2.5479;230.775;43.9;64.956;0.1915;52.181
16-06-20;9491.47;72.251;2.5454;233.96;43.66;65.529;0.1911;52.596
15-06-20;9360.7;71.497;2.5367;227.695;43.44;64.548;0.1884;52.572
14-06-20;9391.88;;;;;;;
13-06-20;9436.24;;;;;;;
12-06-20;9418.49;73.581;2.5978;237.665;44.808;65.745;0.193;51.57
11-06-20;9106.07;72.87;2.4944;226.155;42.153;64.512;0.185;50.042
10-06-20;9770.4;77.72;2.7476;243.42;46.19;68.395;0.2013;54.571
09-06-20;9711.13;77.337;2.7505;242.998;46.105;68.108;0.2019;51.532
08-06-20;9717.9;77.394;2.7707;243.07;46.291;67.845;0.2026;52.245
07-06-20;9488.88;;;;;;;
06-06-20;9614.78;;;;;;;
05-06-20;9724.13;78.31;2.8436;241.56;47.08;67.833;0.2032;52.495
04-06-20;9776.97;78.358;2.7283;243.23;47.645;68.377;0.2042;52.352
03-06-20;9560.5;77.886;2.6866;239.84;47.225;67.605;0.2041;52.298
02-06-20;9478.3;77.512;2.646;234.438;45.565;66.038;0.2012;51.315
01-06-20;9585.76;77.698;2.7125;239.785;46.825;65.985;0.2054;52.905
31-05-20;9525.61;;;;;;;
30-05-20;9540.24;;;;;;;
29-05-20;9427.49;73.943;2.6061;220.115;44.5;66.519;0.1972;46.458
28-05-20;9450.93;74.441;2.5798;214.14;44.355;66.123;0.1981;46.999
27-05-20;9172.97;73.811;2.5552;206.708;43.755;65.063;0.1982;46.066
26-05-20;8786.94;72.265;2.489;199.408;42.205;61.66;0.1938;44.967
25-05-20;8808.75;72.888;2.5159;203.41;42.85;61.655;0.1945;45.384
24-05-20;8935.64;;;;;;;
23-05-20;9176.13;;;;;;;
22-05-20;9244.99;74.918;2.6087;208.2;44.427;63.205;0.2015;48.117
21-05-20;9070.89;72.925;2.4584;198.94;42.599;61.411;0.1927;45.816
20-05-20;9487.9;75.761;2.5723;208.898;43.875;64.39;0.2008;47.941
19-05-20;9696.09;75.978;2.6384;213.63;45.205;66.451;0.2043;47.733
18-05-20;9627.33;75.861;2.6344;211.203;45.068;66.429;0.204;47.712
17-05-20;9733.89;;;;;;;
16-05-20;9381.87;;;;;;;
15-05-20;9467.37;72.171;2.5579;193.45;42.275;62.784;0.1963;41.502
14-05-20;9677.63;73.895;2.5458;199.355;43.532;63.995;0.2023;42.855
13-05-20;9119.81;73.794;2.5162;197.098;43;64.889;0.2009;42.591
12-05-20;8930.04;73.478;2.4487;191.25;42.375;61.485;0.1985;42.312
11-05-20;8611.09;68.926;2.3677;183.643;40.635;58.04;0.1914;39.445
10-05-20;8276.37;;;;;;;
09-05-20;9764.3;;;;;;;
08-05-20;9986.11;79.639;2.7899;214.65;47.975;64.232;0.2204;46.183
07-05-20;9636.75;77.408;2.6969;206.26;45.796;60.625;0.2143;42.921
06-05-20;9281.34;79.944;2.7856;208.668;47.04;60.028;0.2195;44.304
05-05-20;8883.4;79.523;2.762;204.303;46.67;60.298;0.2164;44.117
04-05-20;8841.32;79.02;2.7522;204.875;46.93;60.3;0.218;43.891
03-05-20;8859.07;;;;;;;
02-05-20;8990.3;;;;;;;
01-05-20;8736.66;82.332;2.8626;209.893;46.97;63.472;0.216;45.325
30-04-20;8692.49;82.053;2.8316;207.698;46.942;63.563;0.2144;45.528
29-04-20;8601.27;85.322;3.0084;214.83;48.635;65.345;0.2259;46.792
28-04-20;7735.45;82.316;2.7261;196.09;44.62;61.96;0.2081;44.195
27-04-20;7674.65;81.188;2.704;192.733;43.615;61.245;0.1952;43.275
26-04-20;7572.61;;;;;;;
25-04-20;7556.08;;;;;;;
24-04-20;7523.25;81.749;2.7125;188.168;44.66;60.615;0.1933;44.514
23-04-20;7512.85;82.221;2.6817;187.968;42.965;59.493;0.1939;45.113
22-04-20;7132.47;81.062;2.6345;182.018;41.977;57.168;0.1882;44.75
21-04-20;6857.44;74.416;2.5445;170.938;40.73;55.269;0.184;42.614
20-04-20;7055.55;78.537;2.6336;178.28;41.633;57.066;0.1889;45.734
19-04-20;7131.37;;;;;;;
18-04-20;7193.83;;;;;;;
17-04-20;7066.47;75.936;2.6307;171.01;42.37;57.073;0.1898;38.875
16-04-20;7014.15;75.172;2.6464;170.905;42.335;55.941;0.189;38.642
15-04-20;6737.63;71.91;2.4425;157.01;40.485;53.501;0.1845;35.498
14-04-20;6963.58;73.986;2.4955;161.47;41.825;55.095;0.189;36.212
13-04-20;6766.9;72.438;2.4002;154.035;40.525;51.925;0.1866;35.231
12-04-20;7165.12;;;;;;;
11-04-20;6824.94;;;;;;;
10-04-20;6871.37;73.228;2.5171;159.228;42.399;54.135;0.1886;36.005
09-04-20;7289.72;83.076;2.715;169.925;46.115;58.35;0.1992;41.36
08-04-20;7331.41;75.056;2.7168;170.688;46.13;57.49;0.1999;37.288
07-04-20;7376.4;75.271;2.748;172.86;46.795;58.489;0.2022;37.562
06-04-20;7159.75;71.826;2.6715;163.898;44.502;57.959;0.194;36.618
05-04-20;6784.58;;;;;;;
04-04-20;6797.77;;;;;;;
03-04-20;6763.42;67.859;2.3231;140.775;40.31;53.007;0.1784;32.706
02-04-20;6921.97;69.377;2.3846;143.795;41.295;51.105;0.1812;33.031
01-04-20;6192.86;63.113;2.1673;129.565;37.58;46.87;0.1692;30.209
31-03-20;6440.86;65.163;2.209;132.515;38.975;46.961;0.1763;30.496
30-03-20;6387.15;67.079;2.2325;133.145;39.21;47.471;0.1738;31.276
29-03-20;6090.83;;;;;;;
28-03-20;6038.19;;;;;;;
27-03-20;6644.93;70.843;2.311;137.445;40.12;50.995;0.1833;32.65
26-03-20;6649.66;67.285;2.2889;134.735;38.976;50.193;0.1622;31.674
25-03-20;6656.96;67.5;2.2904;136.095;39.08;46.009;0.1606;32.652
24-03-20;6677.91;68.867;2.3398;137.348;39.915;46.705;0.1616;32.451
23-03-20;6298.54;68.413;2.2537;130.508;38.109;42.439;0.1562;31.545
22-03-20;6025.8;;;;;;;
21-03-20;6083.71;;;;;;;
20-03-20;6424.54;66.851;2.0826;125.393;36.18;38.375;0.1521;31.277
19-03-20;6343.53;69.286;2.3278;138.97;40.23;42.525;0.1653;33.02
18-03-20;5239.03;53.372;1.9518;114.6;33.434;36.123;0.1439;27.286
17-03-20;5381.98;45.737;1.9962;118.49;34.851;36.729;0.1477;25.217
16-03-20;5082.26;44.185;1.9144;113.29;33.098;33.341;0.1432;24.018
15-03-20;5290.44;;;;;;;
14-03-20;5411.43;;;;;;;
13-03-20;5212.52;50.027;2.0016;128.775;36.06;35.755;0.1538;27.025
12-03-20;6114.46;54.661;2.2588;142.333;36.072;42.001;0.1673;30.101
11-03-20;7672.19;69.81;2.9205;184.45;46.725;52.414;0.2013;38.765
10-03-20;7872.93;74.576;3.0983;201.718;50.236;55.128;0.2112;41.571
09-03-20;7734.53;69.723;2.9615;193.998;47.945;53.69;0.2007;39.617
08-03-20;8079.07;;;;;;;
07-03-20;8938.93;;;;;;;
06-03-20;9092.62;93.535;3.8275;241.188;63.139;69.05;0.2434;53.065
05-03-20;9112.35;92.071;3.8321;232.575;63.07;70.235;0.2427;53.008
04-03-20;8731.69;86.975;3.5764;223.643;59.74;65.69;0.2326;50.35
03-03-20;8725.06;88.752;3.6083;223.35;60.38;65.801;0.2322;50.425
02-03-20;8870.99;91.225;3.7288;232.03;61.825;68.713;0.2394;52.163
01-03-20;8497.44;;;;;;;
29-02-20;8665.08;;;;;;;
28-02-20;8567.94;88.896;3.5241;226.528;59.964;68.884;0.2363;50.975
27-02-20;8920.57;93.537;3.6768;236;64.295;72.22;0.2462;54.103
26-02-20;8717.46;82.779;3.5008;222.365;59.857;70.207;0.2297;50.682
25-02-20;9332.6;96.714;4.0713;249.57;70.375;76.554;0.2539;57.65
24-02-20;9603.13;102.887;4.0332;264.315;72.886;78.828;0.2678;59.844
23-02-20;9901.16;;;;;;;
22-02-20;9668.66;;;;;;;
21-02-20;9723.7;108.144;4.0456;263.088;72.906;80.035;0.2728;61.305
20-02-20;9508.15;104.256;3.9335;252.965;68.337;75.901;0.2676;59.88
19-02-20;10184.41;114.508;4.4871;281.215;77.573;85.896;0.3022;67.689
18-02-20;9971.7;114.626;4.5742;281.333;75.473;85.345;0.2956;64.927
17-02-20;9655.4;114.797;4.3822;259.51;72.972;84.062;0.2836;65.22
16-02-20;9769.42;;;;;;;
15-02-20;9839.06;;;;;;;
14-02-20;10292.48;132.555;5.3461;282.605;82.95;94.459;0.3355;72.339
13-02-20;10183.96;130.068;5.2464;267.125;80.42;91.373;0.3258;71.515
12-02-20;10365.37;133.512;5.3689;265.105;79.878;93.021;0.3012;73.391
11-02-20;10302.3;132.427;5.2719;236.748;77.058;87.845;0.2815;71.922
10-02-20;9843.88;127.562;4.8934;222.858;73.985;84.74;0.273;69.139
09-02-20;10097.46;;;;;;;
08-02-20;9869.45;;;;;;;
07-02-20;9768.54;117.906;4.5546;219.366;73.37;78.725;0.2775;68.187
06-02-20;9760.23;119.167;4.512;212.99;73.16;78.519;0.2837;69.336
05-02-20;9563.45;122.902;4.4919;201.24;72.606;78.327;0.2787;71.68
04-02-20;9201.08;111.381;4.1533;188.84;67.909;75.33;0.2646;64.245
03-02-20;9281.29;114.738;4.1862;188.678;69.243;77.12;0.2491;65.45
02-02-20;9434.77;;;;;;;
01-02-20;9372.65;;;;;;;
31-01-20;9266.43;115.594;4.1223;180.62;67.97;71.866;0.2389;66.889
30-01-20;9459.91;123.42;4.276;179.328;67.582;70.682;0.2384;68.16
29-01-20;9331.71;121.76;4.0091;175.875;60.185;69.788;0.2365;62.854
28-01-20;8968.35;113.558;3.9208;170.733;57.955;65.86;0.2337;54.948
27-01-20;;114.074;3.9777;169.365;58.63;64.472;0.2307;55.204
24-01-20;8406.05;101.567;3.6454;163.068;54.672;62.521;0.2234;49.455
23-01-20;8299.37;99.939;3.5426;161.165;53.265;61.747;0.2228;48.616
22-01-20;8664.3;107.843;3.6576;167.825;58.285;64.755;0.2369;52.158
21-01-20;8637.7;110.43;3.6233;167.566;57.233;65.747;0.2348;52.833
20-01-20;8627.46;109.976;3.6308;166.085;57.24;64.851;0.2321;54.28
19-01-20;8647.91;;;;;;;
18-01-20;8896.13;;;;;;;
17-01-20;8870.31;111.785;3.881;170.875;61.199;67.795;0.2397;59.606
16-01-20;8666.8;125.49;3.8418;163.15;57.8;65.561;0.2282;51.086
15-01-20;8780.6;121.405;3.735;164.618;57.609;65.912;0.236;52.9
14-01-20;8779.36;85.314;3.956;163.627;58.204;61.89;0.2394;43.079
13-01-20;8089.95;68.673;3.0924;142.915;49.289;57.248;0.2108;37.499
12-01-20;8090.81;;;;;;;
11-01-20;8157.43;;;;;;;
10-01-20;7963.81;55.346;2.9461;142.847;48.69;57.803;0.2093;33.193
09-01-20;7793.18;50.307;2.7004;135.94;44.105;57.786;0.2015;30.753
08-01-20;8078.39;52.558;2.747;138.885;45.208;56.138;0.2068;30.64
07-01-20;7940.47;54.458;2.8536;142.788;46.227;56.711;0.2121;31.648
06-01-20;7552.33;56.41;2.7975;141.755;45.157;55.916;0.2192;32.66
05-01-20;7363.55;;;;;;;
04-01-20;7344.13;;;;;;;
03-01-20;7269.82;43.675;2.6312;132.56;41.658;50.39;0.1918;28.334
02-01-20;6960.58;40.779;2.4542;127.441;39.693;44.717;0.1877;26.736
01-01-20;7216.21;42.302;2.631;132.437;41.889;45.63;0.194;28.165
31-12-19;7158.27;41.805;2.5716;128.901;41.162;44.658;0.1903;27.693
30-12-19;7243.35;42.654;2.6197;131.143;42.158;46.025;0.1924;28.308
29-12-19;7388.48;;;;;;;
28-12-19;7315.89;;;;;;;
27-12-19;7219.5;39.923;2.5775;125.71;40.894;44.942;0.1889;27.661
26-12-19;7189.08;40.66;2.5814;128.967;41.008;46.228;0.1923;28.191
25-12-19;7211.27;41.6;2.4695;124.513;39.953;45.586;0.187;27.251
24-12-19;7246.81;42.233;2.5202;127.693;40.041;46.024;0.1891;27.921
23-12-19;7319.77;43.554;2.5188;129.48;41.188;47.568;0.1928;28.689
22-12-19;7407.05;;;;;;;
21-12-19;7136.38;;;;;;;
20-12-19;7198.73;43.569;2.4916;128.42;40.288;46.88;0.1944;28.712
19-12-19;7157.05;43.069;2.4519;126.92;39.909;47.371;0.1884;28.508
18-12-19;7131.58;43.933;2.3411;127.585;39.675;46.474;0.1907;28.494
17-12-19;6616.45;44.299;2.3032;127.828;39.02;46.665;0.1934;28.544
16-12-19;6876.58;48.852;2.5384;141.303;42.967;50.805;0.2139;31.825
15-12-19;7120.76;;;;;;;
14-12-19;7082.33;;;;;;;
13-12-19;7240.62;50.973;2.6196;144.653;44.218;52.514;0.22;32.863
12-12-19;7200.62;50.238;2.5604;144.209;43.548;52.842;0.2196;31.571
11-12-19;7191.95;50.454;2.5769;143.558;43.723;52.856;0.2215;30.767
10-12-19;7222.09;50.222;2.5827;144.985;43.856;52.433;0.2196;29.978
09-12-19;7356.78;52.16;2.6685;148.357;44.7;54.026;0.2255;31.963
08-12-19;7546.9;;;;;;;
07-12-19;7497.11;;;;;;;
06-12-19;7469.48;52.729;2.7252;148.8;45.181;54.254;0.225;29.361
05-12-19;7379.65;50.29;2.6833;147.818;44.781;53.535;0.2174;30.456
04-12-19;7187.39;51.713;2.7028;149.948;46.236;54.569;0.22;27.423
03-12-19;7329.85;51.873;2.72;148.675;45.946;54.14;0.221;27.634
02-12-19;7319.36;52.298;2.6811;147.85;45.485;54.066;0.2193;27.521
01-12-19;7381.45;;;;;;;
30-11-19;7549.38;;;;;;;
29-11-19;7710.34;56.728;2.7911;152.983;48.649;55.469;0.2289;29.461
28-11-19;7564.94;53.867;2.6776;154.003;47.754;55.243;0.2291;29.261
27-11-19;7550.08;52.31;2.6836;154.383;48.177;56.717;0.226;29.162
26-11-19;7113.51;50.201;2.6009;145.563;46.326;51.668;0.2169;27.59
25-11-19;7214.3;53.245;2.5914;148.725;46.822;51.292;0.2213;27.906
23-11-19;7194.49;;;;;;;
22-11-19;7343.85;57.584;2.6608;153.41;48.444;51.739;0.2322;29.601
21-11-19;7598.7;60.731;2.772;158.588;49.701;53.818;0.2396;31.06
20-11-19;8087.79;65.24;3.1089;176.82;55.545;58.579;0.2519;34.481
19-11-19;8108.09;64.773;3.0823;174.46;55.196;59.77;0.2502;33.687
18-11-19;8218.67;67.24;3.3348;180.348;56.967;60.316;0.2555;35.095
17-11-19;8555.38;;;;;;;
16-11-19;8479.56;;;;;;;
15-11-19;8453.89;67.861;3.3293;179.72;57.55;62.227;0.2599;36.108
14-11-19;8651.15;69.096;3.3978;184.569;59.217;65.5;0.2677;36.583
13-11-19;8753.01;70.105;3.4546;188.095;61.047;64.321;0.2734;36.91
12-11-19;8764.95;70.34;3.4802;185.418;61.408;63.12;0.2713;37.006
11-11-19;8736.17;71.42;3.4478;185.664;61.959;62.176;0.2742;36.999
10-11-19;9042.05;;;;;;;
09-11-19;8805.1;;;;;;;
08-11-19;8866.55;70.567;3.4499;185.598;60.759;61.223;0.2778;36.664
07-11-19;9192.63;71.776;3.4585;185.593;61.348;62.993;0.2903;38.432
06-11-19;9298.69;73.406;3.5682;190.143;63.033;64.237;0.2988;38.849
05-11-19;9348.79;73.684;3.6509;190.325;63.575;63.083;0.3013;38.608
04-11-19;9326.82;73.282;3.4802;187.299;62.152;63.506;0.2956;37.932
01-11-19;9212.68;71.9;3.3612;184.375;58.241;60.994;0.2914;37.972
31-10-19;9267.02;71.705;3.2796;183.6;58.83;59.771;0.295;37.877
30-10-19;9120.96;71.872;3.248;182.118;57.68;58.575;0.2945;38.358
29-10-19;9330.36;72.59;3.3496;186.525;59.254;60.328;0.3015;38.562
28-10-19;9378.63;72.512;3.2919;181.013;58.295;59.798;0.2978;38.538
25-10-19;8574.4;69.009;3.1757;180.97;56.966;59.398;0.2966;36.736
24-10-19;7470.39;63.183;2.7757;162.845;50.065;54.062;0.2778;33.189
23-10-19;7472.1;62.778;2.6682;159.205;48.813;53.403;0.2666;32.557
22-10-19;8215.43;68.093;2.9775;172.85;54.698;58.476;0.2942;36.881
21-10-19;8183.99;68.812;2.9143;173.013;54.434;59.071;0.2912;36.448
18-10-19;7947.7;69.142;2.9011;174.11;53.17;56.809;0.2932;36.052
17-10-19;8084.2;70.368;2.9438;177.853;54.996;59.626;0.2977;36.848
16-10-19;7970.68;68.366;2.9139;174.048;52.323;53.707;0.2819;35.709
15-10-19;8185.46;71.468;2.9362;180.333;54.658;52.805;0.2859;36.987
14-10-19;8338.4;71.407;3.1756;185.635;56.733;53.067;0.2914;37.167
11-10-19;8342.93;70.358;3.097;181.934;55.88;54.729;0.2698;36.456
10-10-19;8546.77;72.047;3.1196;192.078;57.799;56.012;0.2726;37.741
09-10-19;8582.78;73.47;3.2358;192.39;59.432;56.936;0.2808;38.074
08-10-19;;71.93;3.1522;179.411;56.962;55.475;0.2734;37.055
07-10-19;;72.645;3.2332;181.77;58.56;57.205;0.2792;38.006
04-10-19;;69.864;3.0494;177.555;56.993;57.43;0.2539;37.469
03-10-19;8184.43;69.278;2.9252;173.948;56.303;55.645;0.246;37.224
02-10-19;8235.71;70.124;3.0125;177.265;55.731;56.453;0.2511;37.609
01-10-19;8458.93;71.672;2.9785;179.74;56.621;58.167;0.2538;38.791
30-09-19;8285.07;72.176;2.9593;178.896;55.855;56.98;0.2575;38.504
27-09-19;8060.97;71.524;2.8137;171.166;55.451;57.156;0.2424;37.33
26-09-19;7937.39;68.125;2.6931;160.284;52.858;56.065;0.2365;34.723
25-09-19;8352.79;71.652;2.908;169.52;57.057;58.948;0.2454;37.282
24-09-19;9477.86;83.45;3.3338;189.476;64.763;65.322;0.2595;43.115
23-09-19;9799.1;90.096;3.8464;207.873;72.105;70.314;0.284;45.318
20-09-19;10135.94;96.866;3.9045;216.344;74.345;73.204;0.2895;48.768
19-09-19;10047.56;104.039;3.9521;220.503;76.045;75.636;0.302;49.96
18-09-19;10193.7;96.865;4.1678;214.196;79.95;77.467;0.3166;52.998
17-09-19;10259.53;99.527;4.186;209.423;75.228;74.948;0.2932;51.324
16-09-19;10145;91.246;4.0127;191.044;70.51;72.956;0.2586;47.858
13-09-19;10270.67;90.826;3.724;180.97;68.138;74.392;0.2547;44.439
12-09-19;10281.18;85.306;3.7241;178.955;69.152;73.883;0.2527;44.31
11-09-19;10045.13;83.441;3.7005;177.438;69.03;73.06;0.2529;44.651
10-09-19;10218.46;84.611;3.779;180.3;71.625;73.228;0.2591;45.757
09-09-19;10258.83;85.912;3.8677;180.123;69.275;75.534;0.259;46.757
06-09-19;10356.88;79.426;3.1932;168.77;65.171;75.845;0.252;44.797
05-09-19;10533.31;80.172;3.2355;171.46;64.87;75.541;0.2552;45.161
04-09-19;10571.4;82.422;3.3573;177.398;67.655;73.162;0.2602;45.1
03-09-19;10659.65;83.133;3.4094;180.653;68.905;75.546;0.2631;46.533
02-09-19;9945.75;81.044;3.2973;173.513;65.851;71.691;0.2575;45.838
30-08-19;9626.18;80.832;3.2194;169.122;65.246;68.174;0.2543;44.896
29-08-19;9480;79.882;3.1992;167.586;64.203;69.465;0.2521;45.106
28-08-19;10228.83;89.943;3.5126;186.683;71.591;76.933;0.2654;49.741
27-08-19;10178.51;91.479;3.5818;187.918;72.837;78.835;0.2697;50.487
26-08-19;10327.5;91.936;3.6117;187.941;74.254;81.77;0.2699;52.137
23-08-19;10361.52;94.08;3.6632;192.765;75.054;82.875;0.2758;50.941
22-08-19;10120.81;90.62;3.666;192.895;73.917;82.674;0.2716;50.504
21-08-19;10120.97;89.691;3.4931;185.404;73.07;81.455;0.267;49.821
20-08-19;10746.94;94.661;3.6565;197.798;74.571;86.261;0.2732;52.614
19-08-19;10681.68;97.234;3.6844;200.588;75.976;87.669;0.2782;53.736
16-08-19;10395.4;93.999;3.6125;185.215;75.294;81.277;0.2613;49.636
15-08-19;10053.31;94.656;3.6081;184.315;76.4;80.006;0.2638;50.24
14-08-19;10321.75;100.214;3.7293;195.9;78.283;81.846;0.287;53.338
13-08-19;10803.55;100.858;4.0311;205.723;85.278;85.071;0.2939;55.111
12-08-19;11388.77;104.505;4.1242;211.605;85.803;91.17;0.2994;57.503
09-08-19;11864.63;103.189;3.8981;209.265;84.475;93.652;0.2929;58.581
08-08-19;11705.79;105.228;4.1435;220.225;89.388;93.093;0.3065;62.4
07-08-19;11640.73;106.499;4.1767;223.19;88.95;92.985;0.3085;61.665
06-08-19;11772.27;105.38;4.3198;229.903;94.86;93.29;0.3147;64.185
05-08-19;11877.21;111.095;4.5581;235.465;99.98;93.573;0.3278;67.716
02-08-19;10399.38;104.977;4.1207;215.648;93.646;82.987;0.3101;66.268
01-08-19;10067.67;106.423;4.2676;214.294;98.652;81.101;0.3145;67.231
31-07-19;9986.16;107.34;4.3088;215.748;95.318;81.38;0.3187;67.985
30-07-19;9693.44;107.211;4.2602;212.205;91.682;79.972;0.3217;67.561
29-07-19;9536.24;105.786;4.1955;210.683;90.26;78.834;0.3101;67.588
26-07-19;9834.23;115.207;4.5566;218.33;94.06;80.141;0.3223;71.461
25-07-19;9983.2;115.759;4.6099;221.228;94.213;81.897;0.3153;70.909
24-07-19;9571.03;108.108;4.3659;209.34;91.816;79.327;0.3109;69.349
23-07-19;9985.57;110.049;4.1375;211.245;90.272;81.52;0.3091;70.538
22-07-19;10223.19;114.009;4.03;214.298;92.878;81.96;0.3172;71.873
19-07-19;10529.52;113.091;4.0018;220.375;97.595;83.09;0.3189;75.168
18-07-19;10510.09;110.593;4.1092;224.338;100.998;83.59;0.3212;78.968
17-07-19;9715.27;106.755;3.975;214.85;92.455;79.29;0.3221;74.835
16-07-19;9902.51;106.875;3.8188;205.798;82.683;77.86;0.2983;70.665
15-07-19;10644.3;123.471;4.3941;233.058;92.455;82.52;0.3184;79.482
12-07-19;11907.36;142.844;4.8296;276.826;105.305;97.119;0.3437;91.698
11-07-19;11706.72;143.242;4.7456;273.27;102.97;93.685;0.329;91.935
10-07-19;12289.95;145.915;5.2075;285.527;107.27;94.293;0.3566;95.37
09-07-19;12556.38;155.515;5.9037;309.785;119.25;101.6;0.3947;101.185
08-07-19;11875.32;157.761;5.8782;;120.928;101.735;0.4004;104.79
05-07-19;11034;154.213;5.735;286.825;118.695;91.355;0.3801;101.262
04-07-19;11793.06;160.895;5.8714;295.31;124.155;92.535;0.3954;104.39
03-07-19;11190.7;153.902;5.8588;289.835;117.45;85.985;0.3963;101.763
02-07-19;10487.69;152.511;5.8821;286.775;117.928;85.307;0.397;100.478
01-07-19;10278.07;149.952;5.6567;283.645;117.165;86.449;0.3959;99.603
28-06-19;12212.7;169.525;6.1196;306.405;119.5;99.19;0.4168;111.093
27-06-19;10903.19;152.985;5.794;292.658;115.74;90.767;0.4019;99.183
26-06-19;13571.33;184.81;7.2798;353.43;136.62;111.775;0.488;120.3
25-06-19;11330.84;174.574;6.9752;308.515;131.165;113.578;0.4593;104.885
24-06-19;11011.86;176.226;7.2005;311.008;134.978;118.86;0.4636;109.31
21-06-19;9939.81;164.574;6.9995;293.918;137.665;107.525;0.4411;109.383
20-06-19;9367.74;159.829;6.7527;268.835;134.872;102.375;0.426;108.63
19-06-19;9132.57;159.095;6.8218;267.108;138.743;99.185;0.4313;110.651
18-06-19;8993.6;159.215;6.6965;264.138;131.805;95.77;0.4246;104.641
17-06-19;9220.05;156.931;7.0477;271.46;133.88;97.135;0.4286;99.03
14-06-19;8452.83;152.228;6.4343;257.87;129.453;87.758;0.3959;88.857
13-06-19;8174.59;155.247;6.5099;259.078;133.487;91.695;0.4008;90.718
12-06-19;8175.53;151.083;6.4446;258.598;141.2;89.922;0.4024;89.075
11-06-19;7866.54;146.039;6.3599;243.185;133.79;87.225;0.394;79.637
10-06-19;7939.93;147.241;6.3637;244.063;126.6;86.413;0.3986;80.962
07-06-19;7898.63;147.781;6.5798;247.77;114.485;87.489;0.4186;83.4
06-06-19;7715.71;143.792;6.2036;243.145;104.148;85.684;0.4216;79.5
05-06-19;7759.55;146.192;6.3636;245.377;102.529;85.454;0.3973;78.533
04-06-19;7908.7;152.497;6.6845;247.4;104;86.936;0.4066;81.509
03-06-19;8538.96;160.891;7.3228;261.288;112.055;94.045;0.4465;86.417
31-05-19;8503.38;161.849;8.1263;261.847;111.128;92.794;0.4329;88.559
30-05-19;8672.02;168.29;7.8951;273.445;114.115;94.082;0.446;89.253
29-05-19;8728.35;170.655;8.0691;273.515;117.553;94.655;0.4501;85.965
28-05-19;8659.32;169.373;7.7466;269.818;113.645;94.495;0.4458;83.79
27-05-19;8694.63;163.145;7.3033;267.825;113.085;94.279;0.4167;74.61
24-05-19;8112.36;159.626;6.5045;253.928;102.9;86.154;0.393;73.645
23-05-19;7830.37;152.831;5.9518;243.968;88.49;84.803;0.3781;71.135
22-05-19;7957.15;161.461;6.2563;253.463;90.47;89.058;0.393;72.98
21-05-19;7921.08;164.948;6.2411;252.64;91.64;88.059;0.3968;75.263
20-05-19;;168.332;6.139;247.14;89.878;86.41;0.3913;75.817
17-05-19;7106.31;131.919;5.833;233.318;86.71;78.72;0.3706;70.733
16-05-19;7921.31;152.47;6.4742;265.763;96.69;87.886;0.4217;76.185
15-05-19;8025.45;146.698;6.2902;240.458;101.36;91.176;0.4367;74.49
14-05-19;8003.89;138.171;5.8207;207.673;89.89;82.391;0.4051;66.565
13-05-19;7917.73;132.88;5.6693;;91.645;80.668;0.3291;64.009
10-05-19;6291.33;112.076;4.8494;171.605;76.75;68.017;0.2969;57.545
09-05-19;6049.86;111.405;4.8104;167.495;73.23;65.815;0.2938;56.18
08-05-19;5870.4;116.657;4.8579;167.468;72.82;66.883;0.2972;58.037
07-05-19;5895.93;120.157;4.8037;173.19;74.598;66.377;0.2972;58.802
06-05-19;5703.59;120.223;4.8818;173.565;75.87;67.247;0.3022;60.243
03-05-19;5689.05;119.89;4.9904;165.918;78.155;67.668;0.3033;62.418
02-05-19;5377.59;117.105;4.6734;157.385;71.94;65.541;0.2956;59.885
01-05-19;5290.15;117.502;4.7301;158.895;72.075;65.298;0.2994;60.82
30-04-19;5246.57;112.323;4.7285;156.798;71.89;63.555;0.3036;59.705
29-04-19;5155.6;109.206;4.5899;153.378;66.325;61.892;0.2883;58.573
26-04-19;5097.52;110.265;4.8056;151.158;70.635;62.418;0.2906;62.288
25-04-19;5479.4;119.01;4.8273;164.778;74.28;67.412;0.3036;65.653
24-04-19;5438.12;114.725;4.6697;162.23;71.62;66.403;0.2978;63.507
23-04-19;5574.03;123.705;5.3015;173.68;77.725;69.993;0.3253;70.041
22-04-19;5305.51;122.285;5.2398;169.633;76.495;68.328;0.3225;68.976
19-04-19;5269.97;123.505;5.4767;172.615;81.995;68.713;0.3317;69.907
18-04-19;5259.52;125.407;5.4932;173.413;82.56;68.523;0.3387;71.304
17-04-19;5213.53;120.405;5.433;165.918;79.24;68.318;0.3331;68.877
16-04-19;5083.33;117.018;5.3954;164.1;79.175;66.669;0.3196;68.147
15-04-19;5132.68;121.43;5.4594;164.97;81.19;66.889;0.3253;69.204
12-04-19;5042.54;118.765;5.3753;163.765;78.48;66.05;0.3234;70.828
11-04-19;5054.95;121.607;5.2449;165.225;78.48;66.237;0.3295;69.548
10-04-19;5271.35;131.17;5.8851;179.813;87.8;71.445;0.3558;71.689
09-04-19;5229.99;132.216;5.624;177.233;87.065;69.296;0.3534;71.126
08-04-19;5213.87;135.175;5.4265;179.458;87.735;70.13;0.3579;72.131
05-04-19;4999.01;132.559;5.315;163.763;88.095;68.997;0.3601;71.176
04-04-19;4935.72;122.363;4.985;155.853;83.47;63.88;0.3295;67.19
03-04-19;5131.42;136.545;5.4934;175.36;95.678;71.672;0.3692;76.585
02-04-19;4736.69;122.775;4.7727;156.72;71.83;65.447;0.3397;67.225
01-04-19;4140.32;114.42;4.1938;141.245;60.717;58.652;0.3112;63.687
29-03-19;4072.16;98.976;4.2475;140.48;60.995;53.42;0.3058;57.893
28-03-19;4007.9;95.125;4.3322;137.325;60.36;53.163;0.3058;56.332
27-03-19;4010.22;93.08;4.1663;137.598;60.835;53.396;0.3054;57.051
26-03-19;3912.19;89.217;3.6872;132.563;57.775;51.51;0.2969;54.473
25-03-19;3943.19;90.276;3.657;133.053;58.575;52.114;0.302;56.117
22-03-19;3977.74;91.635;3.6572;135.818;58.955;53.21;0.3102;55.732
21-03-19;3963.64;90.464;3.6572;134.505;58.3;52.464;0.3071;56.54
20-03-19;3996.92;93.295;3.757;137.24;59.445;54.356;0.3151;59.62
19-03-19;3993.97;92.135;3.7702;137.75;59.812;53.34;0.3141;56.985
18-03-19;3964.09;91.835;3.7758;136.918;58.86;52.815;0.313;54.685
15-03-19;3897.41;90.477;3.742;135.873;58.26;52.5;0.3133;53.436
14-03-19;3857.16;89.941;3.6388;131.69;55.758;50.916;0.3097;52.463
13-03-19;3851.52;91.489;3.6231;131.125;55.175;50.911;0.3152;51.936
12-03-19;3856.95;88.258;3.6875;131.913;55.97;49.735;0.3089;52.364
11-03-19;3849.35;82.526;3.6031;131.64;54.445;49.271;0.3083;50.134
08-03-19;3868.84;81.01;3.7909;135.465;55.94;49.706;0.3082;50.019
07-03-19;3858.8;82.655;3.8241;136.55;56.25;50.444;0.3125;50.754
06-03-19;3846.73;82.765;3.7718;136.565;54.72;49.726;0.3171;50.6
05-03-19;3840.81;83.585;3.7582;136.133;52.6;49.648;0.313;50.98
04-03-19;3711.15;79.621;3.2972;125.57;45.7;47.033;0.3041;49.38
01-03-19;3828.22;83.77;3.7151;136.103;48.04;49.141;0.319;52.639
28-02-19;3797.17;82.351;3.5906;134.968;45.52;49.065;0.3082;51.634
27-02-19;3804.28;81.182;3.5422;136.543;44.73;49.792;0.3129;52.604
26-02-19;3800.32;81.86;3.458;135.115;44.325;48.41;0.3174;52.683
25-02-19;3822.36;83.165;3.6855;138.465;45.9;48.869;0.3083;53.005
22-02-19;3941.75;85.409;3.9102;146.943;48.925;51.653;0.3196;54.196
21-02-19;3891.8;84.35;3.7865;142.915;48.045;50.116;0.3157;53.559
20-02-19;3915.26;86.93;3.8531;145.363;50.32;51.189;0.3245;54.843
19-02-19;3937.25;87.955;3.6111;145.498;47.795;52.689;0.3321;55.685
18-02-19;3867.06;85.905;3.4371;144.253;48.415;51.213;0.3217;55.155
15-02-19;3564.79;79.805;2.816;120.428;41.835;47.527;0.2965;51.511
14-02-19;3571.34;79.38;2.8073;120.61;41.265;48.002;0.3015;52.789
13-02-19;3577.59;81.476;2.8777;120.503;41.06;50.194;0.3011;53.828
12-02-19;3581.02;82.867;2.8716;119.113;42.58;48.982;0.2983;53.898
11-02-19;3593.62;80.319;2.7956;120.555;42.595;48.721;0.3011;51.281
08-02-19;3594.91;74.36;2.7076;117.375;41.22;47.831;0.3046;50.534
07-02-19;3360.41;67.565;2.3787;103.025;32.675;43.52;0.289;47.669
06-02-19;3364.77;66.483;2.3621;102.793;32.33;42.653;0.2895;46.626
05-02-19;3419.04;67.64;2.4039;105.438;33.555;42.848;0.2938;48.307
04-02-19;3415.86;67.295;2.4185;106.365;33.695;42.638;0.2973;48.867
01-02-19;3448.51;67.735;2.3745;106.315;33.16;43.963;0.3049;49.243
31-01-19;3405.05;68.41;2.3411;105.498;31.06;43.582;0.3059;49.492
30-01-19;3440.27;69.155;2.362;107.845;31.575;44.391;0.3172;49.914
29-01-19;3398.16;68.224;2.3056;104.495;30.74;43.877;0.2877;49.354
28-01-19;;66.859;2.2203;102.91;30.27;43.364;0.2846;49.854
25-01-19;3558.51;73.779;2.4663;115.048;32.285;46.925;0.3126;52.818
24-01-19;3555.77;72.655;2.4494;115.335;32.045;46.417;0.3148;53.449
23-01-19;3570.65;71.935;2.4654;117.225;31.955;45.795;0.316;52.7
22-01-19;3587.35;72.08;2.4631;118.375;31.735;46.371;0.3181;53.206
21-01-19;3545.11;69.59;2.3625;116.688;30.8;44.55;0.3183;52.571
18-01-19;;71.009;2.4701;119.5;30.92;45.241;0.3204;53.56
17-01-19;;72.144;2.5297;121.33;30.965;45.931;0.3263;54.769
16-01-19;;71.405;2.4455;122.135;31.748;46.074;0.3277;54.782
15-01-19;3634.48;71.605;2.4484;126.433;31.82;45.46;0.3281;55.18
14-01-19;3670.16;74.31;2.4972;128.678;32.265;46.821;0.334;57.323
11-01-19;;74.119;2.4266;125.368;32.72;46.75;0.331;57.305
10-01-19;;72.779;2.4344;125.273;32.545;44.996;0.3274;53.755
09-01-19;4003.28;87.155;2.8682;149.848;38.92;53.119;0.364;60.946
08-01-19;4002.51;81.045;2.827;148.955;38.94;53.9;0.3611;61.953
07-01-19;4017.07;82.704;2.7821;152.268;37.88;53.247;0.3641;61.07
04-01-19;3833.53;81.05;2.7946;154.14;32.775;51.966;0.3567;59.928
03-01-19;3780.28;81.2;2.6931;145.92;31.2;50.033;0.3546;58.466
02-01-19;3849.38;84.35;2.8543;150.085;32.605;53.533;0.3694;62.215
01-01-19;3689.66;80.259;2.5775;132.85;30.26;46.567;0.3496;58.479
31-12-18;3748.51;81.597;2.6112;135.058;30.53;46.776;0.3535;59.053
28-12-18;3892.14;86.37;2.7042;134.598;32.095;50.459;0.3723;63.721
27-12-18;3748.36;82.712;2.4997;122.793;29.507;47.065;0.3602;60.504
26-12-18;;83.009;2.5598;126.543;29.745;48.282;0.3665;61.033
25-12-18;;81.472;2.4567;123.838;30.05;48.419;0.367;61.26
24-12-18;;99.135;2.8961;;34.755;58.08;0.4173;70.346
21-12-18;3848.6;86.72;2.6044;108.023;30.185;53.042;0.3565;62.083
20-12-18;4064.23;90.245;2.7143;113.815;31.94;53.174;0.3726;63.547
19-12-18;3791.95;78.123;2.6312;104.018;30.165;48.574;0.3709;59.904
18-12-18;3511.25;70.09;2.5302;94.135;28.82;44.309;0.3332;56.148
17-12-18;3427.86;69.6;2.3795;90.99;28.485;43.055;0.3058;56.182
14-12-18;3156.89;58.997;1.7883;81.79;22.62;38.676;0.281;49.203
13-12-18;3364.84;64.6;1.9433;89.025;23.855;42.895;0.301;54.446
12-12-18;3438.98;67.455;2.0315;90.07;24.625;44.854;0.3038;56.248
11-12-18;3348.01;65.464;1.8379;86.403;23.23;42.376;0.2946;54.31
10-12-18;3421.02;68.902;1.9607;89.143;24.075;44.505;0.2951;56.539
07-12-18;3388.91;65.705;1.7336;92.998;24.94;45.999;0.3026;56.655
06-12-18;3604.19;72.414;2.0804;95.355;27.59;48.957;0.3205;62.835
05-12-18;3712.7;79.642;2.2064;102.188;29.035;51.782;0.3359;71.185
04-12-18;3910.81;85.46;2.4566;109.443;31.16;57.054;0.3499;74.968
03-12-18;3831.15;83.629;2.5573;106.338;30.27;54.835;0.3447;70.735
30-11-18;3930.38;91.285;2.8735;111.488;31.43;57.252;0.3579;78.101
29-11-18;4275.71;97.462;3.035;117.918;34.085;62.35;0.3761;83.462
28-11-18;4185.69;98.34;3.2342;118.415;34.62;63.06;0.3847;79.289
27-11-18;3676.63;87.755;2.9169;104.568;29.295;54.29;0.3428;70.206
26-11-18;3730.74;89.848;3.2059;106.813;29.46;55.148;0.3483;68.159
23-11-18;4260.57;98.643;3.6018;120.065;31.43;66.909;0.3968;77.792
22-11-18;4458.39;110.075;3.7249;130.46;33.52;68.863;0.4317;83.248
21-11-18;4433.99;111.425;3.759;132.245;33.576;69.943;0.4306;84.784
20-11-18;4462.39;107.06;3.7332;135.13;33.012;68.98;0.4357;88.752
19-11-18;5027.85;114.33;4.0782;151.97;36.695;76.203;0.4868;98.245
16-11-18;5451.72;136.225;4.5062;170.918;41.788;87.788;0.4632;109.283
15-11-18;5498.71;135.635;4.5521;175.605;42.41;87.667;0.4564;109.565
14-11-18;5696.53;147.78;4.66;182.425;43.55;92.721;0.4519;115.84
13-11-18;6297.65;163.438;5.4219;206.253;49.723;105.528;0.5118;132.66
12-11-18;6333.57;165.898;5.4614;208.715;50.053;106.855;0.5169;127.07
09-11-18;6326.2;159.698;5.3986;207.753;51.317;106.39;0.4938;132.59
08-11-18;6424.07;167.559;5.505;211.91;52.87;108.795;0.5009;128.855
07-11-18;6508.37;165.537;5.6469;217.925;54.098;110.865;0.531;127.165
06-11-18;6424.84;169.695;5.6398;214.218;54.172;111.298;0.5249;128.575
05-11-18;6387.81;165.239;5.4198;206.23;53.08;110.298;0.4808;119.59
02-11-18;6351.1;155.633;5.4076;200.048;51.205;106.225;0.4571;119.088
01-11-18;6309.88;154.425;5.2739;196.65;49.783;103.68;0.4508;115.64
31-10-18;6296.13;153.553;5.2852;196.03;49.733;106;0.4485;115.758
30-10-18;6259.28;153.108;5.1794;194.425;48.685;102.175;0.4405;116.29
29-10-18;6264.37;151.675;5.219;194.193;48.798;101.7;0.4397;116.438
26-10-18;6401.99;157.44;5.4604;200.67;51.688;106.515;0.4569;121.565
25-10-18;6398.68;157.813;5.4635;199.503;51.748;106.785;0.4538;127.158
24-10-18;6422.44;159.88;5.4671;202.795;52.625;109.455;0.4638;126.108
23-10-18;6395.02;154.38;5.3728;203.833;51.83;107.673;0.4406;120.665
22-10-18;6403.9;155.49;5.4229;206.218;51.715;105.368;0.4535;123.45
19-10-18;6384.37;154.44;5.3342;204.458;52.745;104.188;0.455;120.695
18-10-18;6435.6;159.945;5.4102;203.83;51.86;105.19;0.4598;121.64
17-10-18;6448.24;163.315;5.4458;207.423;52.98;107.17;0.4687;116.4
16-10-18;6421.32;164.04;5.4007;207.005;52.92;106.893;0.4534;113.35
15-10-18;6419.81;159.43;5.4333;203.773;53.075;105.33;0.4318;112.19
12-10-18;6214.23;159.5;5.1791;196.615;52.97;101.85;0.4266;110.56
11-10-18;6206.57;162.25;5.2693;200.338;52.075;103.475;0.4081;112.44
10-10-18;6509.08;179.645;5.8602;223.928;57.32;111.995;0.4627;124.18
09-10-18;6571.58;180.42;5.874;226.293;58.29;113.325;0.4728;125.75
08-10-18;6609.14;182.113;5.9033;227.71;58.805;114.655;0.4902;125.545
05-10-18;6539.04;180.485;5.7354;222.193;57.965;113.748;0.5112;127.22
04-10-18;6540.78;180.84;5.7259;222.905;58.27;114.228;0.5308;124.82
03-10-18;6469.61;178.065;5.5575;220.635;57.22;113.813;0.5267;122.87
02-10-18;6499.35;180.155;5.5864;225.668;59.55;114.978;0.5502;125.91
01-10-18;6558.97;185.327;5.6744;228.15;59.88;114.95;0.5529;128.52
28-09-18;6643.42;187.47;5.7877;220.528;61.75;116.65;0.5335;136.635
27-09-18;6499.01;188.216;5.6492;217.75;62.84;115.983;0.5242;140.065
26-09-18;6521.87;191.965;5.6138;220.155;58.765;116.323;0.5289;137.435
25-09-18;6388.6;183.167;5.1318;210.593;56.035;113.555;0.4527;129.21
24-09-18;6609;194.015;5.707;233.935;58.085;118.673;0.5193;139.9
21-09-18;6708.69;204.921;6.041;242.49;60.321;123.098;0.5283;125.235
20-09-18;6419.07;189.038;5.2959;210.668;54.363;111.993;0.3716;116.715
19-09-18;6321.7;188.769;5.0538;209.195;53.763;108.755;0.3233;113.395
18-09-18;6347.28;189.539;5.1497;211.648;54.35;112.36;0.3165;111.97
17-09-18;6259.58;187.913;4.9198;205.198;53.002;111.958;0.2708;110.35
14-09-18;6535.01;194.624;5.3485;218.563;58.174;116.34;0.2791;121.165
13-09-18;6508.85;198.32;5.4973;208.843;55.05;114.15;0.2835;119.645
12-09-18;6261.74;172.788;4.811;170.415;49.22;101.155;0.2659;104.64
11-09-18;6252.44;190.88;4.85;183.895;52.218;104.088;0.2573;112.525
10-09-18;6258.75;198.555;4.9202;189.03;53.34;104.645;0.2611;116.8
07-09-18;6446.93;184.917;5.0788;218.425;56.612;112.638;0.2934;126.525
06-09-18;6417.14;173.881;5.0428;225.425;55.745;113.025;0.292;127.67
05-09-18;6916.06;186.9;5.4864;244.058;60.614;117.96;0.2891;137.17
04-09-18;7367.11;218.557;6.5572;287.845;68.602;135.485;0.335;156.565
03-09-18;7262.06;207.15;6.4399;287.557;64.775;130.5;0.3359;150.77
31-08-18;7044.6;195.14;6.4001;283.24;62.113;115.515;0.3364;149.795
30-08-18;6855.35;179.645;5.9506;277.455;59.407;97.613;0.3269;147.115
29-08-18;6993.42;189.786;6.0779;287.433;60.866;102.363;0.3441;150.175
28-08-18;7017.79;184.569;5.3994;287.335;61.19;102.37;0.344;149.46
27-08-18;6739.05;155.14;5.1861;277.86;57.597;98.623;0.327;139.155
24-08-18;6611.44;144.621;5.038;279.985;57.779;92.85;0.3245;137.583
23-08-18;6454.75;140.715;4.844;276.325;56.213;91.236;0.3191;132.795
22-08-18;6427.42;140.84;4.7575;275.812;55.215;91.243;0.3267;129.863
21-08-18;6439.74;139.971;4.8244;276.845;55.665;95.294;0.3295;131.893
20-08-18;6477.57;151.597;5.1151;289.565;56.803;99.684;0.3347;135.31
17-08-18;6480.85;158.906;5.1596;300.505;58.784;96.472;0.3357;146.588
16-08-18;6398.86;153.317;4.6871;290.54;55.926;92.234;0.2961;140.708
15-08-18;6593.43;161.9;4.9195;303.987;58.863;93.629;0.3019;143.543
14-08-18;6031.03;134.748;4.305;257.875;51.507;80.788;0.2579;126.415
13-08-18;6288.79;151.057;4.8982;294.247;57.025;92.509;0.2917;150.683
10-08-18;6191.24;172.079;5.2783;342.945;60.337;94.957;0.3229;159.873
09-08-18;6450.69;177.77;5.8035;363.658;63.29;99.863;0.3398;168.365
08-08-18;6257.5;175.05;5.4463;355.17;61.715;95.003;0.3242;160.49
07-08-18;7116.96;205.314;7.1209;408.45;74.87;116.905;0.4098;185.743
06-08-18;6915.73;203.103;6.9529;404.95;73.102;115.72;0.4205;180.77
03-08-18;7388.58;209.904;7.1826;415.495;76.965;120.125;0.4377;185.885
02-08-18;7570;209.346;7.1366;412.485;76.874;124.485;0.4352;191.098
01-08-18;7558.5;218.115;7.2416;419.957;77.145;123.898;0.4467;200.325
31-07-18;7791.63;217.995;7.3644;432.36;77.91;122.583;0.4354;207.798
30-07-18;8116.22;234.581;7.8124;454.467;82.382;133.493;0.4452;206.953
27-07-18;8225.12;254.019;8.3947;466.685;84.43;141.233;0.4572;221.598
26-07-18;8204.74;245.046;8.6311;475.992;86.37;141.985;0.4607;223.23
25-07-18;8160.69;245.038;8.5739;471.057;87.096;141.14;0.4654;219.358
24-07-18;8178.41;248.426;8.4142;472.015;87.19;140.255;0.4536;212.275
23-07-18;7729.99;242.903;7.9257;454.562;83.739;136.93;0.4478;197.073
20-07-18;7351.07;247.306;7.9264;444.25;82.44;130.31;0.439;186.16
19-07-18;7365.22;255.39;8.2228;463.447;85.781;139.788;0.4724;198.673
18-07-18;7433.75;265.1;8.9213;492.585;90.48;145.425;0.5128;212.323
17-07-18;6757.53;244.522;7.9869;470.757;83.094;137.39;0.4761;185.98
16-07-18;6618.85;244.35;7.8995;472.04;82.525;130.603;0.4673;184.328
13-07-18;6185.23;220.541;6.7847;430.573;75.95;121.79;0.436;180.998
12-07-18;6186.02;208.16;6.8193;433.547;76.246;121.28;0.4352;151.618
11-07-18;6345.11;217.035;7.0077;437.862;77.95;122.653;0.4452;159.37
10-07-18;6355.85;222.2;7.2257;438.218;76.049;122.643;0.4476;160.403
09-07-18;6707.9;235.29;8.4718;477.5;81.954;137.17;0.4763;171.573
06-07-18;6570.76;238.498;8.5764;468.425;82.655;133.165;0.4738;170.155
05-07-18;6587.92;246.783;8.8843;469.875;84.31;139.498;0.4802;178.123
04-07-18;6666.03;245.878;9.042;472.32;86.582;142.285;0.4944;182.555
03-07-18;6586.52;253.752;8.9713;469.985;86.68;138.738;0.5012;182.23
02-07-18;6605.92;251.143;8.9037;471.345;84.945;140.17;0.4837;182.398
29-06-18;5899.64;225.137;7.3493;413.17;74.06;117.3;0.4338;156.43
28-06-18;6098.06;222.401;7.8258;436.56;79.455;131.357;0.4601;163.24
27-06-18;6125.8;228.999;8.2203;434.14;80.275;127.755;0.4709;162.373
26-06-18;6184.15;232.373;7.7749;445.655;79.371;128.62;0.471;166.408
25-06-18;6275.28;241.87;8.222;464.495;82.88;128.668;0.4801;177.585
22-06-18;6070.19;236.991;8.5498;462.915;83.49;109.153;0.4821;167.378
21-06-18;6722.24;262.353;10.3863;525.06;96.856;122.345;0.5329;190.895
20-06-18;6754.07;258.005;10.4623;536.575;98.018;122.173;0.541;193.975
19-06-18;6713.58;259.275;10.5557;531.28;97.645;125.578;0.542;195.875
18-06-18;6644.56;259.512;10.5669;512.145;96.976;126.918;0.5354;192.568
15-06-18;6497.97;258.92;10.6834;494.42;97.195;128.215;0.5416;197.338
14-06-18;6522.05;263.211;10.359;504.95;97.849;130.088;0.549;198.298
13-06-18;6282.35;242.995;9.553;467.39;91.345;118.058;0.5189;178.735
12-06-18;6737.46;274.721;10.9099;519.465;104.28;129.248;0.5708;204.05
11-06-18;6738.82;261.334;11.0006;521.57;105.445;135.913;0.5739;195.84
08-06-18;7646.28;313.144;14.1359;598.725;119.825;158.528;0.6753;236.048
07-06-18;7716.03;315.347;14.4195;610.31;121.745;166.42;0.6831;234.203
06-06-18;7520.91;310.025;13.5606;595.51;118.875;164.1;0.6615;228.105
05-06-18;7567.15;312.877;13.9463;605.585;120.225;167.765;0.6729;236.54
04-06-18;7488.05;313.009;13.396;582.815;119.05;158.888;0.6454;233.115
